username,Category,Country
goshopiphone,"(""accesorios * smartphones"" OR ""tecnología"" OR ""dispositivos"")","(""Argentina"" OR ""Buenos Aires"" OR ""Arg"")"
totudesign.ar,"(""accesorios * smartphones"" OR ""tecnología"" OR ""dispositivos"")","(""Argentina"" OR ""Buenos Aires"" OR ""Arg"")"
onsaletecnologia,"(""accesorios * smartphones"" OR ""tecnología"" OR ""dispositivos"")","(""Argentina"" OR ""Buenos Aires"" OR ""Arg"")"
carrello.ar,"(""accesorios * smartphones"" OR ""tecnología"" OR ""dispositivos"")","(""Argentina"" OR ""Buenos Aires"" OR ""Arg"")"
electroverseok,"(""accesorios * smartphones"" OR ""tecnología"" OR ""dispositivos"")","(""Argentina"" OR ""Buenos Aires"" OR ""Arg"")"
tiendavirtual,"(""accesorios * smartphones"" OR ""tecnología"" OR ""dispositivos"")","(""Argentina"" OR ""Buenos Aires"" OR ""Arg"")"
etekshopping,"(""accesorios * smartphones"" OR ""tecnología"" OR ""dispositivos"")","(""Argentina"" OR ""Buenos Aires"" OR ""Arg"")"
tune,"(""accesorios * smartphones"" OR ""tecnología"" OR ""dispositivos"")","(""Argentina"" OR ""Buenos Aires"" OR ""Arg"")"
fishoparg,"(""accesorios * smartphones"" OR ""tecnología"" OR ""dispositivos"")","(""Argentina"" OR ""Buenos Aires"" OR ""Arg"")"
arkatronic,"(""accesorios * smartphones"" OR ""tecnología"" OR ""dispositivos"")","(""Argentina"" OR ""Buenos Aires"" OR ""Arg"")"
heyshop_ok,"(""accesorios * smartphones"" OR ""tecnología"" OR ""dispositivos"")","(""Argentina"" OR ""Buenos Aires"" OR ""Arg"")"
terminal.express,"(""accesorios * smartphones"" OR ""tecnología"" OR ""dispositivos"")","(""Argentina"" OR ""Buenos Aires"" OR ""Arg"")"
elceluoficial,"(""accesorios * smartphones"" OR ""tecnología"" OR ""dispositivos"")","(""Argentina"" OR ""Buenos Aires"" OR ""Arg"")"
vstore.ar,"(""accesorios * smartphones"" OR ""tecnología"" OR ""dispositivos"")","(""Argentina"" OR ""Buenos Aires"" OR ""Arg"")"
weare.ecommerce,"(""accesorios * smartphones"" OR ""tecnología"" OR ""dispositivos"")","(""Argentina"" OR ""Buenos Aires"" OR ""Arg"")"
tecwaves,"(""accesorios * smartphones"" OR ""tecnología"" OR ""dispositivos"")","(""Argentina"" OR ""Buenos Aires"" OR ""Arg"")"
e3stores,"(""accesorios * smartphones"" OR ""tecnología"" OR ""dispositivos"")","(""Argentina"" OR ""Buenos Aires"" OR ""Arg"")"
emprendar.ar,"(""accesorios * smartphones"" OR ""tecnología"" OR ""dispositivos"")","(""Argentina"" OR ""Buenos Aires"" OR ""Arg"")"
undertakertecstore,"(""accesorios * smartphones"" OR ""tecnología"" OR ""dispositivos"")","(""Argentina"" OR ""Buenos Aires"" OR ""Arg"")"
electroworld_arg,"(""accesorios * smartphones"" OR ""tecnología"" OR ""dispositivos"")","(""Argentina"" OR ""Buenos Aires"" OR ""Arg"")"
iphoneshop.ok,"(""accesorios * smartphones"" OR ""tecnología"" OR ""dispositivos"")","(""Argentina"" OR ""Buenos Aires"" OR ""Arg"")"
flip_shop0,"(""accesorios * smartphones"" OR ""tecnología"" OR ""dispositivos"")","(""Argentina"" OR ""Buenos Aires"" OR ""Arg"")"
dahua.argentina,"(""accesorios * smartphones"" OR ""tecnología"" OR ""dispositivos"")","(""Argentina"" OR ""Buenos Aires"" OR ""Arg"")"
reel,"(""accesorios * smartphones"" OR ""tecnología"" OR ""dispositivos"")","(""Argentina"" OR ""Buenos Aires"" OR ""Arg"")"
nubia_argentina,"(""accesorios * smartphones"" OR ""tecnología"" OR ""dispositivos"")","(""Argentina"" OR ""Buenos Aires"" OR ""Arg"")"
sorgim.arg,"(""accesorios * smartphones"" OR ""tecnología"" OR ""dispositivos"")","(""Argentina"" OR ""Buenos Aires"" OR ""Arg"")"
bettershopstore,"(""accesorios * smartphones"" OR ""tecnología"" OR ""dispositivos"")","(""Argentina"" OR ""Buenos Aires"" OR ""Arg"")"
suprapixel,"(""accesorios * smartphones"" OR ""tecnología"" OR ""dispositivos"")","(""Argentina"" OR ""Buenos Aires"" OR ""Arg"")"
wearesolu_,"(""accesorios * smartphones"" OR ""tecnología"" OR ""dispositivos"")","(""Argentina"" OR ""Buenos Aires"" OR ""Arg"")"
enviopack,"(""accesorios * smartphones"" OR ""tecnología"" OR ""dispositivos"")","(""Argentina"" OR ""Buenos Aires"" OR ""Arg"")"
mercadoshops.arg,"(""accesorios * smartphones"" OR ""tecnología"" OR ""dispositivos"")","(""Argentina"" OR ""Buenos Aires"" OR ""Arg"")"
accesorios_moon__,"(""accesorios"" OR ""joyería"" OR ""relojes"")","(""Argentina"" OR ""Buenos Aires"" OR ""Arg"")"
topwatch,"(""accesorios"" OR ""joyería"" OR ""relojes"")","(""Argentina"" OR ""Buenos Aires"" OR ""Arg"")"
paulag_accesorios,"(""accesorios"" OR ""joyería"" OR ""relojes"")","(""Argentina"" OR ""Buenos Aires"" OR ""Arg"")"
borinkaz.accesorios,"(""accesorios"" OR ""joyería"" OR ""relojes"")","(""Argentina"" OR ""Buenos Aires"" OR ""Arg"")"
trendybymica,"(""accesorios"" OR ""joyería"" OR ""relojes"")","(""Argentina"" OR ""Buenos Aires"" OR ""Arg"")"
gogoargentinaoficial,"(""accesorios"" OR ""joyería"" OR ""relojes"")","(""Argentina"" OR ""Buenos Aires"" OR ""Arg"")"
savageaccesorios,"(""accesorios"" OR ""joyería"" OR ""relojes"")","(""Argentina"" OR ""Buenos Aires"" OR ""Arg"")"
pinkay.argentina,"(""accesorios"" OR ""joyería"" OR ""relojes"")","(""Argentina"" OR ""Buenos Aires"" OR ""Arg"")"
maddy_clothing_,"(""accesorios"" OR ""joyería"" OR ""relojes"")","(""Argentina"" OR ""Buenos Aires"" OR ""Arg"")"
dublin.ecommerce,"(""accesorios"" OR ""joyería"" OR ""relojes"")","(""Argentina"" OR ""Buenos Aires"" OR ""Arg"")"
tides,"(""accesorios"" OR ""joyería"" OR ""relojes"")","(""Argentina"" OR ""Buenos Aires"" OR ""Arg"")"
olive.accessories,"(""accesorios"" OR ""joyería"" OR ""relojes"")","(""Argentina"" OR ""Buenos Aires"" OR ""Arg"")"
notquitejewelry,"(""accesorios"" OR ""joyería"" OR ""relojes"")","(""Argentina"" OR ""Buenos Aires"" OR ""Arg"")"
encanto,"(""accesorios"" OR ""joyería"" OR ""relojes"")","(""Argentina"" OR ""Buenos Aires"" OR ""Arg"")"
zenshop,"(""accesorios"" OR ""joyería"" OR ""relojes"")","(""Argentina"" OR ""Buenos Aires"" OR ""Arg"")"
shop.almanova,"(""accesorios"" OR ""joyería"" OR ""relojes"")","(""Argentina"" OR ""Buenos Aires"" OR ""Arg"")"
quepapaya,"(""accesorios"" OR ""joyería"" OR ""relojes"")","(""Argentina"" OR ""Buenos Aires"" OR ""Arg"")"
timeshop_ar,"(""accesorios"" OR ""joyería"" OR ""relojes"")","(""Argentina"" OR ""Buenos Aires"" OR ""Arg"")"
floryangel.accesorios,"(""accesorios"" OR ""joyería"" OR ""relojes"")","(""Argentina"" OR ""Buenos Aires"" OR ""Arg"")"
cantaloa.ok,"(""accesorios"" OR ""joyería"" OR ""relojes"")","(""Argentina"" OR ""Buenos Aires"" OR ""Arg"")"
guesswatches,"(""accesorios"" OR ""joyería"" OR ""relojes"")","(""Argentina"" OR ""Buenos Aires"" OR ""Arg"")"
nueve_accesorios,"(""accesorios"" OR ""joyería"" OR ""relojes"")","(""Argentina"" OR ""Buenos Aires"" OR ""Arg"")"
buenosairesplata,"(""accesorios"" OR ""joyería"" OR ""relojes"")","(""Argentina"" OR ""Buenos Aires"" OR ""Arg"")"
n.f_accesorios_,"(""accesorios"" OR ""joyería"" OR ""relojes"")","(""Argentina"" OR ""Buenos Aires"" OR ""Arg"")"
juve.accesorios,"(""accesorios"" OR ""joyería"" OR ""relojes"")","(""Argentina"" OR ""Buenos Aires"" OR ""Arg"")"
_mundoreloj,"(""accesorios"" OR ""joyería"" OR ""relojes"")","(""Argentina"" OR ""Buenos Aires"" OR ""Arg"")"
grape.brand,"(""accesorios"" OR ""joyería"" OR ""relojes"")","(""Argentina"" OR ""Buenos Aires"" OR ""Arg"")"
savageaccesorios.ok,"(""accesorios"" OR ""joyería"" OR ""relojes"")","(""Argentina"" OR ""Buenos Aires"" OR ""Arg"")"
tides.shop,"(""accesorios"" OR ""joyería"" OR ""relojes"")","(""Argentina"" OR ""Buenos Aires"" OR ""Arg"")"
chiari.shop,"(""accesorios"" OR ""joyería"" OR ""relojes"")","(""Argentina"" OR ""Buenos Aires"" OR ""Arg"")"
laestanteria.ec,"(""accesorios"" OR ""joyería"" OR ""relojes"")","(""Argentina"" OR ""Buenos Aires"" OR ""Arg"")"
accesorios.carla,"(""accesorios"" OR ""joyería"" OR ""relojes"")","(""Argentina"" OR ""Buenos Aires"" OR ""Arg"")"
dutyfreeargentina,"(""accesorios"" OR ""joyería"" OR ""relojes"")","(""Argentina"" OR ""Buenos Aires"" OR ""Arg"")"
theweddingshop,"(""accesorios"" OR ""joyería"" OR ""relojes"")","(""Argentina"" OR ""Buenos Aires"" OR ""Arg"")"
encanto.shop,"(""accesorios"" OR ""joyería"" OR ""relojes"")","(""Argentina"" OR ""Buenos Aires"" OR ""Arg"")"
rocco.relojes,"(""accesorios"" OR ""joyería"" OR ""relojes"")","(""Argentina"" OR ""Buenos Aires"" OR ""Arg"")"
goldenessentials.ok,"(""accesorios"" OR ""joyería"" OR ""relojes"")","(""Argentina"" OR ""Buenos Aires"" OR ""Arg"")"
asifuedeco,"(""accesorios"" OR ""joyería"" OR ""relojes"")","(""Argentina"" OR ""Buenos Aires"" OR ""Arg"")"
ridersaccesoriosar,"(""accesorios"" OR ""joyería"" OR ""relojes"")","(""Argentina"" OR ""Buenos Aires"" OR ""Arg"")"
todoperfumesrd,"(""perfumes"" OR ""fragancias"")","(""España"" OR ""Espana"" OR ""Madrid"")"
perfumglasscolombia,"(""perfumes"" OR ""fragancias"")","(""España"" OR ""Espana"" OR ""Madrid"")"
perfumes10_,"(""perfumes"" OR ""fragancias"")","(""España"" OR ""Espana"" OR ""Madrid"")"
huelepectacular,"(""perfumes"" OR ""fragancias"")","(""España"" OR ""Espana"" OR ""Madrid"")"
fragancias06,"(""perfumes"" OR ""fragancias"")","(""España"" OR ""Espana"" OR ""Madrid"")"
fragan,"(""perfumes"" OR ""fragancias"")","(""España"" OR ""Espana"" OR ""Madrid"")"
perfumesalhambra,"(""perfumes"" OR ""fragancias"")","(""España"" OR ""Espana"" OR ""Madrid"")"
perfusionfragancias,"(""perfumes"" OR ""fragancias"")","(""España"" OR ""Espana"" OR ""Madrid"")"
fragancias_flores_shop,"(""perfumes"" OR ""fragancias"")","(""España"" OR ""Espana"" OR ""Madrid"")"
inv.perfumeshop,"(""perfumes"" OR ""fragancias"")","(""España"" OR ""Espana"" OR ""Madrid"")"
elegantfragranceve,"(""perfumes"" OR ""fragancias"")","(""España"" OR ""Espana"" OR ""Madrid"")"
perfumes,"(""perfumes"" OR ""fragancias"")","(""España"" OR ""Espana"" OR ""Madrid"")"
aldeadeperfumes,"(""perfumes"" OR ""fragancias"")","(""España"" OR ""Espana"" OR ""Madrid"")"
veluxe,"(""perfumes"" OR ""fragancias"")","(""España"" OR ""Espana"" OR ""Madrid"")"
perfumeriaspadilla,"(""perfumes"" OR ""fragancias"")","(""España"" OR ""Espana"" OR ""Madrid"")"
zonaperfumescl,"(""perfumes"" OR ""fragancias"")","(""España"" OR ""Espana"" OR ""Madrid"")"
oasisperfumes_es,"(""perfumes"" OR ""fragancias"")","(""España"" OR ""Espana"" OR ""Madrid"")"
divain_es,"(""perfumes"" OR ""fragancias"")","(""España"" OR ""Espana"" OR ""Madrid"")"
cocoraperfumes,"(""perfumes"" OR ""fragancias"")","(""España"" OR ""Espana"" OR ""Madrid"")"
thecandleshop,"(""perfumes"" OR ""fragancias"")","(""España"" OR ""Espana"" OR ""Madrid"")"
ebc_collection,"(""perfumes"" OR ""fragancias"")","(""España"" OR ""Espana"" OR ""Madrid"")"
perfumasteco,"(""perfumes"" OR ""fragancias"")","(""España"" OR ""Espana"" OR ""Madrid"")"
_prefumo,"(""perfumes"" OR ""fragancias"")","(""España"" OR ""Espana"" OR ""Madrid"")"
beshopcde,"(""perfumes"" OR ""fragancias"")","(""España"" OR ""Espana"" OR ""Madrid"")"
belle.perfumeria,"(""perfumes"" OR ""fragancias"")","(""España"" OR ""Espana"" OR ""Madrid"")"
fraganciasboutiqueve,"(""perfumes"" OR ""fragancias"")","(""España"" OR ""Espana"" OR ""Madrid"")"
lenesens,"(""perfumes"" OR ""fragancias"")","(""España"" OR ""Espana"" OR ""Madrid"")"
topperfumesmiami1,"(""perfumes"" OR ""fragancias"")","(""España"" OR ""Espana"" OR ""Madrid"")"
thecandleshop.es,"(""perfumes"" OR ""fragancias"")","(""España"" OR ""Espana"" OR ""Madrid"")"
santamarianovellamadrid,"(""perfumes"" OR ""fragancias"")","(""España"" OR ""Espana"" OR ""Madrid"")"
manuelamanasrodriguez,"(""perfumes"" OR ""fragancias"")","(""España"" OR ""Espana"" OR ""Madrid"")"
elmundodelperfume,"(""perfumes"" OR ""fragancias"")","(""España"" OR ""Espana"" OR ""Madrid"")"
thecandleshop.cl,"(""perfumes"" OR ""fragancias"")","(""España"" OR ""Espana"" OR ""Madrid"")"
perfumemarketvzla,"(""perfumes"" OR ""fragancias"")","(""España"" OR ""Espana"" OR ""Madrid"")"
nurii__shop,"(""perfumes"" OR ""fragancias"")","(""España"" OR ""Espana"" OR ""Madrid"")"
perfumeriaeau,"(""perfumes"" OR ""fragancias"")","(""España"" OR ""Espana"" OR ""Madrid"")"
amezkuashop,"(""perfumes"" OR ""fragancias"")","(""España"" OR ""Espana"" OR ""Madrid"")"
cbdshopmadrid,"(""perfumes"" OR ""fragancias"")","(""España"" OR ""Espana"" OR ""Madrid"")"
perfumeshouse_py,"(""perfumes"" OR ""fragancias"")","(""España"" OR ""Espana"" OR ""Madrid"")"
perfumesfactoryrd,"(""perfumes"" OR ""fragancias"")","(""España"" OR ""Espana"" OR ""Madrid"")"
acqua.difiore,"(""perfumes"" OR ""fragancias"")","(""España"" OR ""Espana"" OR ""Madrid"")"
theperfumeshopchile,"(""perfumes"" OR ""fragancias"")","(""España"" OR ""Espana"" OR ""Madrid"")"
argccs,"""bolsos""","(""Argentina"" OR ""Buenos Aires"" OR ""Arg"")"
elf.argentina,"""bolsos""","(""Argentina"" OR ""Buenos Aires"" OR ""Arg"")"
jadys.shop.arg,"""bolsos""","(""Argentina"" OR ""Buenos Aires"" OR ""Arg"")"
nicolelee.argentina,"""bolsos""","(""Argentina"" OR ""Buenos Aires"" OR ""Arg"")"
serafinasilaibags,"""bolsos""","(""Argentina"" OR ""Buenos Aires"" OR ""Arg"")"
candulideco,"""bolsos""","(""Argentina"" OR ""Buenos Aires"" OR ""Arg"")"
ikka.bags,"""bolsos""","(""Argentina"" OR ""Buenos Aires"" OR ""Arg"")"
casaoceanica.shop,"""bolsos""","(""Argentina"" OR ""Buenos Aires"" OR ""Arg"")"
brightonbeach5,"""bolsos""","(""Argentina"" OR ""Buenos Aires"" OR ""Arg"")"
_bagsmi,"""bolsos""","(""Argentina"" OR ""Buenos Aires"" OR ""Arg"")"
shoprace_rioiv,"""bolsos""","(""Argentina"" OR ""Buenos Aires"" OR ""Arg"")"
mightsbags,"""bolsos""","(""Argentina"" OR ""Buenos Aires"" OR ""Arg"")"
marroqweb,"""bolsos""","(""Argentina"" OR ""Buenos Aires"" OR ""Arg"")"
dudimascotas,"""bolsos""","(""Argentina"" OR ""Buenos Aires"" OR ""Arg"")"
amano_bolseria,"""bolsos""","(""Argentina"" OR ""Buenos Aires"" OR ""Arg"")"
veo.veoregalos,"""bolsos""","(""Argentina"" OR ""Buenos Aires"" OR ""Arg"")"
granwillyshop,"""bolsos""","(""Argentina"" OR ""Buenos Aires"" OR ""Arg"")"
greengoblin_store,"""bolsos""","(""Argentina"" OR ""Buenos Aires"" OR ""Arg"")"
chimolaoficial,"""bolsos""","(""Argentina"" OR ""Buenos Aires"" OR ""Arg"")"
wayuu.arg,"""bolsos""","(""Argentina"" OR ""Buenos Aires"" OR ""Arg"")"
hellodarlingpets,"""bolsos""","(""Argentina"" OR ""Buenos Aires"" OR ""Arg"")"
pets.bigotes,"""bolsos""","(""Argentina"" OR ""Buenos Aires"" OR ""Arg"")"
tiendamodesta,"""bolsos""","(""Argentina"" OR ""Buenos Aires"" OR ""Arg"")"
estiloaustral,"""bolsos""","(""Argentina"" OR ""Buenos Aires"" OR ""Arg"")"
lamaneapet,"""bolsos""","(""Argentina"" OR ""Buenos Aires"" OR ""Arg"")"
lolitasaccesorios,"(""accesorios"" OR ""joyería"" OR ""relojes"")","(""España"" OR ""Espana"" OR ""Madrid"")"
erianaherrera,"(""accesorios"" OR ""joyería"" OR ""relojes"")","(""España"" OR ""Espana"" OR ""Madrid"")"
vivanteaccesorios,"(""accesorios"" OR ""joyería"" OR ""relojes"")","(""España"" OR ""Espana"" OR ""Madrid"")"
shop.cavali,"(""accesorios"" OR ""joyería"" OR ""relojes"")","(""España"" OR ""Espana"" OR ""Madrid"")"
nailook_accesorios,"(""accesorios"" OR ""joyería"" OR ""relojes"")","(""España"" OR ""Espana"" OR ""Madrid"")"
crearteoficial,"(""accesorios"" OR ""joyería"" OR ""relojes"")","(""España"" OR ""Espana"" OR ""Madrid"")"
mbdisenos,"(""accesorios"" OR ""joyería"" OR ""relojes"")","(""España"" OR ""Espana"" OR ""Madrid"")"
turhamaccesorioss,"(""accesorios"" OR ""joyería"" OR ""relojes"")","(""España"" OR ""Espana"" OR ""Madrid"")"
accesorio_ivanna,"(""accesorios"" OR ""joyería"" OR ""relojes"")","(""España"" OR ""Espana"" OR ""Madrid"")"
almashopcol_,"(""accesorios"" OR ""joyería"" OR ""relojes"")","(""España"" OR ""Espana"" OR ""Madrid"")"
joyeria_itzibel,"(""accesorios"" OR ""joyería"" OR ""relojes"")","(""España"" OR ""Espana"" OR ""Madrid"")"
zoeshop_bol,"(""accesorios"" OR ""joyería"" OR ""relojes"")","(""España"" OR ""Espana"" OR ""Madrid"")"
libelljoyeria,"(""accesorios"" OR ""joyería"" OR ""relojes"")","(""España"" OR ""Espana"" OR ""Madrid"")"
nyunyu,"(""accesorios"" OR ""joyería"" OR ""relojes"")","(""España"" OR ""Espana"" OR ""Madrid"")"
bangelshop,"(""accesorios"" OR ""joyería"" OR ""relojes"")","(""España"" OR ""Espana"" OR ""Madrid"")"
giftsjoyeriaa,"(""accesorios"" OR ""joyería"" OR ""relojes"")","(""España"" OR ""Espana"" OR ""Madrid"")"
leonardoguerrero_accesorios,"(""accesorios"" OR ""joyería"" OR ""relojes"")","(""España"" OR ""Espana"" OR ""Madrid"")"
duppla,"(""accesorios"" OR ""joyería"" OR ""relojes"")","(""España"" OR ""Espana"" OR ""Madrid"")"
eklaboutique,"(""accesorios"" OR ""joyería"" OR ""relojes"")","(""España"" OR ""Espana"" OR ""Madrid"")"
doralshop.jewelry,"(""accesorios"" OR ""joyería"" OR ""relojes"")","(""España"" OR ""Espana"" OR ""Madrid"")"
lamary_shop,"(""accesorios"" OR ""joyería"" OR ""relojes"")","(""España"" OR ""Espana"" OR ""Madrid"")"
lorenza_fernandez_official,"(""accesorios"" OR ""joyería"" OR ""relojes"")","(""España"" OR ""Espana"" OR ""Madrid"")"
indira.relojes,"(""accesorios"" OR ""joyería"" OR ""relojes"")","(""España"" OR ""Espana"" OR ""Madrid"")"
gwapa,"(""accesorios"" OR ""joyería"" OR ""relojes"")","(""España"" OR ""Espana"" OR ""Madrid"")"
solher.es,"(""accesorios"" OR ""joyería"" OR ""relojes"")","(""España"" OR ""Espana"" OR ""Madrid"")"
formentera_shop,"(""accesorios"" OR ""joyería"" OR ""relojes"")","(""España"" OR ""Espana"" OR ""Madrid"")"
globalargenti55,"(""accesorios"" OR ""joyería"" OR ""relojes"")","(""España"" OR ""Espana"" OR ""Madrid"")"
suhi.shop,"(""accesorios"" OR ""joyería"" OR ""relojes"")","(""España"" OR ""Espana"" OR ""Madrid"")"
pawnshopmadrid,"(""accesorios"" OR ""joyería"" OR ""relojes"")","(""España"" OR ""Espana"" OR ""Madrid"")"
faoba,"(""accesorios"" OR ""joyería"" OR ""relojes"")","(""España"" OR ""Espana"" OR ""Madrid"")"
artjoyas,"(""accesorios"" OR ""joyería"" OR ""relojes"")","(""España"" OR ""Espana"" OR ""Madrid"")"
relojes_dmario,"(""accesorios"" OR ""joyería"" OR ""relojes"")","(""España"" OR ""Espana"" OR ""Madrid"")"
joyeriaglauser,"(""accesorios"" OR ""joyería"" OR ""relojes"")","(""España"" OR ""Espana"" OR ""Madrid"")"
joyeriaarmaan,"(""accesorios"" OR ""joyería"" OR ""relojes"")","(""España"" OR ""Espana"" OR ""Madrid"")"
dgrelojes,"(""accesorios"" OR ""joyería"" OR ""relojes"")","(""España"" OR ""Espana"" OR ""Madrid"")"
joyeriabrillo,"(""accesorios"" OR ""joyería"" OR ""relojes"")","(""España"" OR ""Espana"" OR ""Madrid"")"
almendraaccesorios.aa,"(""accesorios"" OR ""joyería"" OR ""relojes"")","(""España"" OR ""Espana"" OR ""Madrid"")"
kiutyaccesorios,"(""accesorios"" OR ""joyería"" OR ""relojes"")","(""España"" OR ""Espana"" OR ""Madrid"")"
looop.rocks,"(""accesorios"" OR ""joyería"" OR ""relojes"")","(""España"" OR ""Espana"" OR ""Madrid"")"
eurodirecto,"(""accesorios"" OR ""joyería"" OR ""relojes"")","(""España"" OR ""Espana"" OR ""Madrid"")"
rosted,"(""accesorios"" OR ""joyería"" OR ""relojes"")","(""España"" OR ""Espana"" OR ""Madrid"")"
accesorios.hera.gua,"(""accesorios"" OR ""joyería"" OR ""relojes"")","(""España"" OR ""Espana"" OR ""Madrid"")"
madridshopstore,"(""accesorios"" OR ""joyería"" OR ""relojes"")","(""España"" OR ""Espana"" OR ""Madrid"")"
mora.shopve,"(""accesorios"" OR ""joyería"" OR ""relojes"")","(""España"" OR ""Espana"" OR ""Madrid"")"
coquetasaccesorio,"(""accesorios"" OR ""joyería"" OR ""relojes"")","(""España"" OR ""Espana"" OR ""Madrid"")"
shopcl.vzla,"""bolsos""","(""Chile"" OR ""Santiago"" OR ""Cl"")"
benice_chile_shop_online_,"""bolsos""","(""Chile"" OR ""Santiago"" OR ""Cl"")"
shopcl,"""bolsos""","(""Chile"" OR ""Santiago"" OR ""Cl"")"
Cm_aLkPu-mf,"""bolsos""","(""Chile"" OR ""Santiago"" OR ""Cl"")"
bellanut_detallesbordados,"""bolsos""","(""Chile"" OR ""Santiago"" OR ""Cl"")"
hoqueishopchile,"""bolsos""","(""Chile"" OR ""Santiago"" OR ""Cl"")"
selektor.co,"""bolsos""","(""Chile"" OR ""Santiago"" OR ""Cl"")"
a_shop_cl,"""bolsos""","(""Chile"" OR ""Santiago"" OR ""Cl"")"
rohishop13,"""bolsos""","(""Chile"" OR ""Santiago"" OR ""Cl"")"
magicaccesorieshop,"(""accesorios"" OR ""joyería"" OR ""relojes"")","(""Colombia"" OR ""Bogotá"" OR ""Col"")"
versattil,"(""accesorios"" OR ""joyería"" OR ""relojes"")","(""Colombia"" OR ""Bogotá"" OR ""Col"")"
navalshop_,"(""accesorios"" OR ""joyería"" OR ""relojes"")","(""Colombia"" OR ""Bogotá"" OR ""Col"")"
alaia,"(""accesorios"" OR ""joyería"" OR ""relojes"")","(""Colombia"" OR ""Bogotá"" OR ""Col"")"
roger.sh0p,"(""accesorios"" OR ""joyería"" OR ""relojes"")","(""Colombia"" OR ""Bogotá"" OR ""Col"")"
riocolombia,"(""accesorios"" OR ""joyería"" OR ""relojes"")","(""Colombia"" OR ""Bogotá"" OR ""Col"")"
mpnaccesorios,"(""accesorios"" OR ""joyería"" OR ""relojes"")","(""Colombia"" OR ""Bogotá"" OR ""Col"")"
tiendamarss,"(""accesorios"" OR ""joyería"" OR ""relojes"")","(""Colombia"" OR ""Bogotá"" OR ""Col"")"
curren_colombia,"(""accesorios"" OR ""joyería"" OR ""relojes"")","(""Colombia"" OR ""Bogotá"" OR ""Col"")"
santamaria,"(""accesorios"" OR ""joyería"" OR ""relojes"")","(""Colombia"" OR ""Bogotá"" OR ""Col"")"
bulovacolombia,"(""accesorios"" OR ""joyería"" OR ""relojes"")","(""Colombia"" OR ""Bogotá"" OR ""Col"")"
extri.colombia,"(""accesorios"" OR ""joyería"" OR ""relojes"")","(""Colombia"" OR ""Bogotá"" OR ""Col"")"
glass.colombia,"(""accesorios"" OR ""joyería"" OR ""relojes"")","(""Colombia"" OR ""Bogotá"" OR ""Col"")"
anele,"(""accesorios"" OR ""joyería"" OR ""relojes"")","(""Colombia"" OR ""Bogotá"" OR ""Col"")"
business,"(""accesorios"" OR ""joyería"" OR ""relojes"")","(""Colombia"" OR ""Bogotá"" OR ""Col"")"
trendyshop,"(""accesorios"" OR ""joyería"" OR ""relojes"")","(""Colombia"" OR ""Bogotá"" OR ""Col"")"
floripondiamoda,"(""accesorios"" OR ""joyería"" OR ""relojes"")","(""Colombia"" OR ""Bogotá"" OR ""Col"")"
blessaccesoriosco,"(""accesorios"" OR ""joyería"" OR ""relojes"")","(""Colombia"" OR ""Bogotá"" OR ""Col"")"
caseshop.colombia,"(""accesorios"" OR ""joyería"" OR ""relojes"")","(""Colombia"" OR ""Bogotá"" OR ""Col"")"
hitcolombia,"(""accesorios"" OR ""joyería"" OR ""relojes"")","(""Colombia"" OR ""Bogotá"" OR ""Col"")"
cornalina.accesorioss,"(""accesorios"" OR ""joyería"" OR ""relojes"")","(""Colombia"" OR ""Bogotá"" OR ""Col"")"
ale_accesoriios,"(""accesorios"" OR ""joyería"" OR ""relojes"")","(""Colombia"" OR ""Bogotá"" OR ""Col"")"
boomshop,"(""accesorios"" OR ""joyería"" OR ""relojes"")","(""Colombia"" OR ""Bogotá"" OR ""Col"")"
roger,"(""accesorios"" OR ""joyería"" OR ""relojes"")","(""Colombia"" OR ""Bogotá"" OR ""Col"")"
hightechshopco,"(""accesorios"" OR ""joyería"" OR ""relojes"")","(""Colombia"" OR ""Bogotá"" OR ""Col"")"
kittshopbella,"(""accesorios"" OR ""joyería"" OR ""relojes"")","(""Colombia"" OR ""Bogotá"" OR ""Col"")"
happyglitz.co,"(""accesorios"" OR ""joyería"" OR ""relojes"")","(""Colombia"" OR ""Bogotá"" OR ""Col"")"
doverilov.shop,"(""accesorios"" OR ""joyería"" OR ""relojes"")","(""Colombia"" OR ""Bogotá"" OR ""Col"")"
timesquarecol,"(""accesorios"" OR ""joyería"" OR ""relojes"")","(""Colombia"" OR ""Bogotá"" OR ""Col"")"
hairtoshop,"(""accesorios"" OR ""joyería"" OR ""relojes"")","(""Colombia"" OR ""Bogotá"" OR ""Col"")"
labarcashop,"(""accesorios"" OR ""joyería"" OR ""relojes"")","(""Colombia"" OR ""Bogotá"" OR ""Col"")"
virtualtiendamed,"(""accesorios"" OR ""joyería"" OR ""relojes"")","(""Colombia"" OR ""Bogotá"" OR ""Col"")"
distribuidorastatus,"""bolsos""","(""Colombia"" OR ""Bogotá"" OR ""Col"")"
doustienda,"""bolsos""","(""Colombia"" OR ""Bogotá"" OR ""Col"")"
ataracolombia,"""bolsos""","(""Colombia"" OR ""Bogotá"" OR ""Col"")"
maideshopcol,"""bolsos""","(""Colombia"" OR ""Bogotá"" OR ""Col"")"
adara__shop,"""bolsos""","(""Colombia"" OR ""Bogotá"" OR ""Col"")"
badu.store.co,"""bolsos""","(""Colombia"" OR ""Bogotá"" OR ""Col"")"
bolsosbac,"""bolsos""","(""Colombia"" OR ""Bogotá"" OR ""Col"")"
kunca,"""bolsos""","(""Colombia"" OR ""Bogotá"" OR ""Col"")"
queenplay,"""bolsos""","(""Colombia"" OR ""Bogotá"" OR ""Col"")"
bolsosbaghouse,"""bolsos""","(""Colombia"" OR ""Bogotá"" OR ""Col"")"
bolsos_calidad_top,"""bolsos""","(""Colombia"" OR ""Bogotá"" OR ""Col"")"
sammoabolsos,"""bolsos""","(""Colombia"" OR ""Bogotá"" OR ""Col"")"
tusinsumos_tutiendaonline,"""bolsos""","(""Colombia"" OR ""Bogotá"" OR ""Col"")"
amme.com.co,"""bolsos""","(""Colombia"" OR ""Bogotá"" OR ""Col"")"
momatiendas,"""bolsos""","(""Colombia"" OR ""Bogotá"" OR ""Col"")"
shaddaii,"""bolsos""","(""Colombia"" OR ""Bogotá"" OR ""Col"")"
hysteria_tienda,"""bolsos""","(""Colombia"" OR ""Bogotá"" OR ""Col"")"
rositashop,"""bolsos""","(""Colombia"" OR ""Bogotá"" OR ""Col"")"
goshonline_shop,"""bolsos""","(""Colombia"" OR ""Bogotá"" OR ""Col"")"
valbuena,"""bolsos""","(""Colombia"" OR ""Bogotá"" OR ""Col"")"
carameloshop,"""bolsos""","(""Colombia"" OR ""Bogotá"" OR ""Col"")"
dfvleather,"""bolsos""","(""Colombia"" OR ""Bogotá"" OR ""Col"")"
majo_,"""bolsos""","(""Colombia"" OR ""Bogotá"" OR ""Col"")"
_foryou_forme44,"""bolsos""","(""Colombia"" OR ""Bogotá"" OR ""Col"")"
rositashop.col,"""bolsos""","(""Colombia"" OR ""Bogotá"" OR ""Col"")"
polamyk_col,"""bolsos""","(""Colombia"" OR ""Bogotá"" OR ""Col"")"
pavirstiendas,"""bolsos""","(""Colombia"" OR ""Bogotá"" OR ""Col"")"
disorder_urban,"""bolsos""","(""Colombia"" OR ""Bogotá"" OR ""Col"")"
gomvicolombia,"""bolsos""","(""Colombia"" OR ""Bogotá"" OR ""Col"")"
kelsey.shop,"""bolsos""","(""Colombia"" OR ""Bogotá"" OR ""Col"")"
variedadestentacion_,"""bolsos""","(""Colombia"" OR ""Bogotá"" OR ""Col"")"
priceshoes_colombia,"""bolsos""","(""Colombia"" OR ""Bogotá"" OR ""Col"")"
dulcecocoaccesorios,"""bolsos""","(""Colombia"" OR ""Bogotá"" OR ""Col"")"
latiendaonlinecolombia,"""bolsos""","(""Colombia"" OR ""Bogotá"" OR ""Col"")"
bolsosycarterasluz,"""bolsos""","(""Colombia"" OR ""Bogotá"" OR ""Col"")"
wayuu_bags_boutique,"""bolsos""","(""Colombia"" OR ""Bogotá"" OR ""Col"")"
alebrijes_shop8,"""bolsos""","(""Colombia"" OR ""Bogotá"" OR ""Col"")"
ailey_sp,"""bolsos""","(""Colombia"" OR ""Bogotá"" OR ""Col"")"
yasg.shop,"""bolsos""","(""Colombia"" OR ""Bogotá"" OR ""Col"")"
marruecos1986,"""bolsos""","(""Colombia"" OR ""Bogotá"" OR ""Col"")"
distribuidorescolombia21,"""bolsos""","(""Colombia"" OR ""Bogotá"" OR ""Col"")"
reels,"""bolsos""","(""Colombia"" OR ""Bogotá"" OR ""Col"")"
ushopco_,"""bolsos""","(""Colombia"" OR ""Bogotá"" OR ""Col"")"
ancbags_,"""bolsos""","(""Colombia"" OR ""Bogotá"" OR ""Col"")"
chelina,"""bolsos""","(""Colombia"" OR ""Bogotá"" OR ""Col"")"
magentastore.co,"""bolsos""","(""Colombia"" OR ""Bogotá"" OR ""Col"")"
shoparfait,"""bolsos""","(""Colombia"" OR ""Bogotá"" OR ""Col"")"
luzkabien,"""bolsos""","(""Colombia"" OR ""Bogotá"" OR ""Col"")"
californiainc_,"""bolsos""","(""Colombia"" OR ""Bogotá"" OR ""Col"")"
mybosi,"""bolsos""","(""Colombia"" OR ""Bogotá"" OR ""Col"")"
bubblegummers,"""bolsos""","(""Colombia"" OR ""Bogotá"" OR ""Col"")"
trendyshop.col_,"""bolsos""","(""Colombia"" OR ""Bogotá"" OR ""Col"")"
padma_hindu,"""bolsos""","(""Colombia"" OR ""Bogotá"" OR ""Col"")"
plataformas,"""calzado""","(""Chile"" OR ""Santiago"" OR ""Cl"")"
diamondshopp,"""calzado""","(""Chile"" OR ""Santiago"" OR ""Cl"")"
comodas,"""calzado""","(""Chile"" OR ""Santiago"" OR ""Cl"")"
calzados_exo2,"""calzado""","(""Chile"" OR ""Santiago"" OR ""Cl"")"
noasneakerss,"""calzado""","(""Chile"" OR ""Santiago"" OR ""Cl"")"
gs.zapatos,"""calzado""","(""Chile"" OR ""Santiago"" OR ""Cl"")"
magnolia.storechile,"""calzado""","(""Chile"" OR ""Santiago"" OR ""Cl"")"
komo2_chile,"""calzado""","(""Chile"" OR ""Santiago"" OR ""Cl"")"
boutiquemiranda.cl,"""calzado""","(""Chile"" OR ""Santiago"" OR ""Cl"")"
comodas.cl,"""calzado""","(""Chile"" OR ""Santiago"" OR ""Cl"")"
maminka.cl,"""calzado""","(""Chile"" OR ""Santiago"" OR ""Cl"")"
kokol,"""calzado""","(""Chile"" OR ""Santiago"" OR ""Cl"")"
calzadodulcemariastyle,"""calzado""","(""Chile"" OR ""Santiago"" OR ""Cl"")"
plataformas.ca,"""calzado""","(""Chile"" OR ""Santiago"" OR ""Cl"")"
tabi_shop_oficial,"""calzado""","(""Chile"" OR ""Santiago"" OR ""Cl"")"
maminka,"""calzado""","(""Chile"" OR ""Santiago"" OR ""Cl"")"
zameta.cl,"""calzado""","(""Chile"" OR ""Santiago"" OR ""Cl"")"
ecozapatos,"""calzado""","(""Chile"" OR ""Santiago"" OR ""Cl"")"
sarecitashop.cl,"""calzado""","(""Chile"" OR ""Santiago"" OR ""Cl"")"
pumaindustrialchile,"""calzado""","(""Chile"" OR ""Santiago"" OR ""Cl"")"
vaganyshop,"""calzado""","(""Chile"" OR ""Santiago"" OR ""Cl"")"
diamondshopp.cl,"""calzado""","(""Chile"" OR ""Santiago"" OR ""Cl"")"
tallersartorial,"""calzado""","(""Chile"" OR ""Santiago"" OR ""Cl"")"
barbielipstore.cl,"""calzado""","(""Chile"" OR ""Santiago"" OR ""Cl"")"
gonella.cl,"""calzado""","(""Chile"" OR ""Santiago"" OR ""Cl"")"
cambra.cl,"""calzado""","(""Chile"" OR ""Santiago"" OR ""Cl"")"
clicoh.cl,"""calzado""","(""Chile"" OR ""Santiago"" OR ""Cl"")"
vibrantews,"""calzado""","(""Chile"" OR ""Santiago"" OR ""Cl"")"
empiresk8shop,"""calzado""","(""Chile"" OR ""Santiago"" OR ""Cl"")"
eli_shop_moncion,"""calzado""","(""Chile"" OR ""Santiago"" OR ""Cl"")"
_universe,"(""accesorios"" OR ""joyería"" OR ""relojes"")","(""México"" OR ""Mexico"" OR ""mx"")"
ishka.mexico,"(""accesorios"" OR ""joyería"" OR ""relojes"")","(""México"" OR ""Mexico"" OR ""mx"")"
monemia,"(""accesorios"" OR ""joyería"" OR ""relojes"")","(""México"" OR ""Mexico"" OR ""mx"")"
ethnika,"(""accesorios"" OR ""joyería"" OR ""relojes"")","(""México"" OR ""Mexico"" OR ""mx"")"
valdiviaaccesorios,"(""accesorios"" OR ""joyería"" OR ""relojes"")","(""México"" OR ""Mexico"" OR ""mx"")"
sayit,"(""accesorios"" OR ""joyería"" OR ""relojes"")","(""México"" OR ""Mexico"" OR ""mx"")"
malandramexico,"(""accesorios"" OR ""joyería"" OR ""relojes"")","(""México"" OR ""Mexico"" OR ""mx"")"
mijoyero,"(""accesorios"" OR ""joyería"" OR ""relojes"")","(""México"" OR ""Mexico"" OR ""mx"")"
constanzashop,"(""accesorios"" OR ""joyería"" OR ""relojes"")","(""México"" OR ""Mexico"" OR ""mx"")"
_feriadebotanica,"(""accesorios"" OR ""joyería"" OR ""relojes"")","(""México"" OR ""Mexico"" OR ""mx"")"
edann_shop_,"(""accesorios"" OR ""joyería"" OR ""relojes"")","(""México"" OR ""Mexico"" OR ""mx"")"
looa,"(""accesorios"" OR ""joyería"" OR ""relojes"")","(""México"" OR ""Mexico"" OR ""mx"")"
luuga_mx,"(""accesorios"" OR ""joyería"" OR ""relojes"")","(""México"" OR ""Mexico"" OR ""mx"")"
triciclo.mx,"(""accesorios"" OR ""joyería"" OR ""relojes"")","(""México"" OR ""Mexico"" OR ""mx"")"
hebashopmx,"(""accesorios"" OR ""joyería"" OR ""relojes"")","(""México"" OR ""Mexico"" OR ""mx"")"
pinkyandcute.accesorios,"(""accesorios"" OR ""joyería"" OR ""relojes"")","(""México"" OR ""Mexico"" OR ""mx"")"
pupe_mx,"(""accesorios"" OR ""joyería"" OR ""relojes"")","(""México"" OR ""Mexico"" OR ""mx"")"
joyeriavittelo_mx,"(""accesorios"" OR ""joyería"" OR ""relojes"")","(""México"" OR ""Mexico"" OR ""mx"")"
mardesal,"(""accesorios"" OR ""joyería"" OR ""relojes"")","(""México"" OR ""Mexico"" OR ""mx"")"
michelleaccesorios,"(""accesorios"" OR ""joyería"" OR ""relojes"")","(""México"" OR ""Mexico"" OR ""mx"")"
bl.store.mx,"(""accesorios"" OR ""joyería"" OR ""relojes"")","(""México"" OR ""Mexico"" OR ""mx"")"
shopstore,"(""accesorios"" OR ""joyería"" OR ""relojes"")","(""México"" OR ""Mexico"" OR ""mx"")"
la13shopmx,"(""accesorios"" OR ""joyería"" OR ""relojes"")","(""México"" OR ""Mexico"" OR ""mx"")"
zapatodeportivomx,"(""accesorios"" OR ""joyería"" OR ""relojes"")","(""México"" OR ""Mexico"" OR ""mx"")"
accesorios.ab.shop,"(""accesorios"" OR ""joyería"" OR ""relojes"")","(""México"" OR ""Mexico"" OR ""mx"")"
maxis.mx,"(""accesorios"" OR ""joyería"" OR ""relojes"")","(""México"" OR ""Mexico"" OR ""mx"")"
constanzashop.mx,"(""accesorios"" OR ""joyería"" OR ""relojes"")","(""México"" OR ""Mexico"" OR ""mx"")"
japishop,"(""accesorios"" OR ""joyería"" OR ""relojes"")","(""México"" OR ""Mexico"" OR ""mx"")"
armoniesmx,"(""accesorios"" OR ""joyería"" OR ""relojes"")","(""México"" OR ""Mexico"" OR ""mx"")"
mavia.jewels,"(""accesorios"" OR ""joyería"" OR ""relojes"")","(""México"" OR ""Mexico"" OR ""mx"")"
lobe.shop,"(""accesorios"" OR ""joyería"" OR ""relojes"")","(""México"" OR ""Mexico"" OR ""mx"")"
jocy.shop.mx,"(""accesorios"" OR ""joyería"" OR ""relojes"")","(""México"" OR ""Mexico"" OR ""mx"")"
sweetmintgdl,"(""accesorios"" OR ""joyería"" OR ""relojes"")","(""México"" OR ""Mexico"" OR ""mx"")"
amecolors.mx,"(""accesorios"" OR ""joyería"" OR ""relojes"")","(""México"" OR ""Mexico"" OR ""mx"")"
barriomexicoshop,"(""accesorios"" OR ""joyería"" OR ""relojes"")","(""México"" OR ""Mexico"" OR ""mx"")"
trends_shopmx,"(""accesorios"" OR ""joyería"" OR ""relojes"")","(""México"" OR ""Mexico"" OR ""mx"")"
egoshopclnn,"(""accesorios"" OR ""joyería"" OR ""relojes"")","(""México"" OR ""Mexico"" OR ""mx"")"
gordosshop.mx,"(""accesorios"" OR ""joyería"" OR ""relojes"")","(""México"" OR ""Mexico"" OR ""mx"")"
purple.shop.mx,"(""accesorios"" OR ""joyería"" OR ""relojes"")","(""México"" OR ""Mexico"" OR ""mx"")"
kaddo.mx,"(""accesorios"" OR ""joyería"" OR ""relojes"")","(""México"" OR ""Mexico"" OR ""mx"")"
montanacolorsmx,"(""accesorios"" OR ""joyería"" OR ""relojes"")","(""México"" OR ""Mexico"" OR ""mx"")"
arthemisa.mx,"(""accesorios"" OR ""joyería"" OR ""relojes"")","(""México"" OR ""Mexico"" OR ""mx"")"
aurapratajoyeria,"(""accesorios"" OR ""joyería"" OR ""relojes"")","(""México"" OR ""Mexico"" OR ""mx"")"
hhjoyeria.mx,"(""accesorios"" OR ""joyería"" OR ""relojes"")","(""México"" OR ""Mexico"" OR ""mx"")"
nastyangelz.mx,"(""accesorios"" OR ""joyería"" OR ""relojes"")","(""México"" OR ""Mexico"" OR ""mx"")"
sayit.mx,"(""accesorios"" OR ""joyería"" OR ""relojes"")","(""México"" OR ""Mexico"" OR ""mx"")"
perfumazo,"(""perfumes"" OR ""fragancias"")","(""Chile"" OR ""Santiago"" OR ""Cl"")"
multimarcasperfumes,"(""perfumes"" OR ""fragancias"")","(""Chile"" OR ""Santiago"" OR ""Cl"")"
cosmetic_cl,"(""perfumes"" OR ""fragancias"")","(""Chile"" OR ""Santiago"" OR ""Cl"")"
rdperfumes,"(""perfumes"" OR ""fragancias"")","(""Chile"" OR ""Santiago"" OR ""Cl"")"
misticaperfumes,"(""perfumes"" OR ""fragancias"")","(""Chile"" OR ""Santiago"" OR ""Cl"")"
joyperfumeschile,"(""perfumes"" OR ""fragancias"")","(""Chile"" OR ""Santiago"" OR ""Cl"")"
rdperfumes.cl,"(""perfumes"" OR ""fragancias"")","(""Chile"" OR ""Santiago"" OR ""Cl"")"
sweetperfumes,"(""perfumes"" OR ""fragancias"")","(""Chile"" OR ""Santiago"" OR ""Cl"")"
beautyperfumesspa,"(""perfumes"" OR ""fragancias"")","(""Chile"" OR ""Santiago"" OR ""Cl"")"
esenciasarabes,"(""perfumes"" OR ""fragancias"")","(""Chile"" OR ""Santiago"" OR ""Cl"")"
royalqueen,"(""perfumes"" OR ""fragancias"")","(""Chile"" OR ""Santiago"" OR ""Cl"")"
cruzyvalencia,"(""perfumes"" OR ""fragancias"")","(""Chile"" OR ""Santiago"" OR ""Cl"")"
eley.perfumes.shop,"(""perfumes"" OR ""fragancias"")","(""Chile"" OR ""Santiago"" OR ""Cl"")"
multimarcasperfumes.cl,"(""perfumes"" OR ""fragancias"")","(""Chile"" OR ""Santiago"" OR ""Cl"")"
CoPxUEzMMCZ,"(""perfumes"" OR ""fragancias"")","(""Chile"" OR ""Santiago"" OR ""Cl"")"
profumania,"(""perfumes"" OR ""fragancias"")","(""Chile"" OR ""Santiago"" OR ""Cl"")"
perfumesagustinrancagua,"(""perfumes"" OR ""fragancias"")","(""Chile"" OR ""Santiago"" OR ""Cl"")"
konbinishop.cl,"(""perfumes"" OR ""fragancias"")","(""Chile"" OR ""Santiago"" OR ""Cl"")"
C-vVtXYOsOu,"(""perfumes"" OR ""fragancias"")","(""Chile"" OR ""Santiago"" OR ""Cl"")"
labs.onlinerd,"(""perfumes"" OR ""fragancias"")","(""Chile"" OR ""Santiago"" OR ""Cl"")"
sweet.princess15,"(""perfumes"" OR ""fragancias"")","(""Chile"" OR ""Santiago"" OR ""Cl"")"
miniperfumesrd,"(""perfumes"" OR ""fragancias"")","(""Chile"" OR ""Santiago"" OR ""Cl"")"
luckylilyoficial,"(""perfumes"" OR ""fragancias"")","(""Chile"" OR ""Santiago"" OR ""Cl"")"
luxuryshoes_mx,"""calzado""","(""México"" OR ""Mexico"" OR ""mx"")"
calzadoefeoficial,"""calzado""","(""México"" OR ""Mexico"" OR ""mx"")"
capricho.shop.mx,"""calzado""","(""México"" OR ""Mexico"" OR ""mx"")"
bellerebellemx,"""calzado""","(""México"" OR ""Mexico"" OR ""mx"")"
caoticomx,"""calzado""","(""México"" OR ""Mexico"" OR ""mx"")"
i.shop.mx,"""calzado""","(""México"" OR ""Mexico"" OR ""mx"")"
redlacesmx,"""calzado""","(""México"" OR ""Mexico"" OR ""mx"")"
calzadomich,"""calzado""","(""México"" OR ""Mexico"" OR ""mx"")"
evys_shopgt,"""calzado""","(""México"" OR ""Mexico"" OR ""mx"")"
liapremiumcollection,"""calzado""","(""México"" OR ""Mexico"" OR ""mx"")"
malibuboutique.mx,"""calzado""","(""México"" OR ""Mexico"" OR ""mx"")"
emmysmx,"""calzado""","(""México"" OR ""Mexico"" OR ""mx"")"
chos,"""calzado""","(""México"" OR ""Mexico"" OR ""mx"")"
comando,"""calzado""","(""México"" OR ""Mexico"" OR ""mx"")"
tennisboutiquemx,"""calzado""","(""México"" OR ""Mexico"" OR ""mx"")"
boutiquemx_,"""calzado""","(""México"" OR ""Mexico"" OR ""mx"")"
griselda_sanchezj,"""calzado""","(""México"" OR ""Mexico"" OR ""mx"")"
mexico.metcon,"""calzado""","(""México"" OR ""Mexico"" OR ""mx"")"
simoneonlinemx,"""calzado""","(""México"" OR ""Mexico"" OR ""mx"")"
comando.mx,"""calzado""","(""México"" OR ""Mexico"" OR ""mx"")"
paire_mx,"""calzado""","(""México"" OR ""Mexico"" OR ""mx"")"
cronomexico,"""calzado""","(""México"" OR ""Mexico"" OR ""mx"")"
danim.mx,"""calzado""","(""México"" OR ""Mexico"" OR ""mx"")"
arlshopmx,"""calzado""","(""México"" OR ""Mexico"" OR ""mx"")"
mujerbonitashoes.mx,"""calzado""","(""México"" OR ""Mexico"" OR ""mx"")"
calzadoelefante,"""calzado""","(""México"" OR ""Mexico"" OR ""mx"")"
imperial.shopmx,"""calzado""","(""México"" OR ""Mexico"" OR ""mx"")"
skechersmexico,"""calzado""","(""México"" OR ""Mexico"" OR ""mx"")"
forstmx,"""calzado""","(""México"" OR ""Mexico"" OR ""mx"")"
asianatusah.shop,"""calzado""","(""México"" OR ""Mexico"" OR ""mx"")"
kingwalker.mx,"""calzado""","(""México"" OR ""Mexico"" OR ""mx"")"
calzado.yeriley,"""calzado""","(""México"" OR ""Mexico"" OR ""mx"")"
lobosolooficial,"""calzado""","(""México"" OR ""Mexico"" OR ""mx"")"
santory_shop,"""calzado""","(""Colombia"" OR ""Bogotá"" OR ""Col"")"
moon_shopcolombia,"""calzado""","(""Colombia"" OR ""Bogotá"" OR ""Col"")"
calzado_biancadaza,"""calzado""","(""Colombia"" OR ""Bogotá"" OR ""Col"")"
calzadoanamaria,"""calzado""","(""Colombia"" OR ""Bogotá"" OR ""Col"")"
outletshopcolombia,"""calzado""","(""Colombia"" OR ""Bogotá"" OR ""Col"")"
colombiaenzotec,"""calzado""","(""Colombia"" OR ""Bogotá"" OR ""Col"")"
eri_caro31,"""calzado""","(""Colombia"" OR ""Bogotá"" OR ""Col"")"
carranocolombia,"""calzado""","(""Colombia"" OR ""Bogotá"" OR ""Col"")"
hotsalecol,"""calzado""","(""Colombia"" OR ""Bogotá"" OR ""Col"")"
malucalzado7,"""calzado""","(""Colombia"" OR ""Bogotá"" OR ""Col"")"
basicsshoes,"""calzado""","(""Colombia"" OR ""Bogotá"" OR ""Col"")"
eugy.design,"""calzado""","(""Colombia"" OR ""Bogotá"" OR ""Col"")"
aquiles_calzado,"""calzado""","(""Colombia"" OR ""Bogotá"" OR ""Col"")"
ediesvirtual,"""calzado""","(""Colombia"" OR ""Bogotá"" OR ""Col"")"
alpargatasdeloriente,"""calzado""","(""Colombia"" OR ""Bogotá"" OR ""Col"")"
calzadonineteen,"""calzado""","(""Colombia"" OR ""Bogotá"" OR ""Col"")"
romulocalzado,"""calzado""","(""Colombia"" OR ""Bogotá"" OR ""Col"")"
kappa_col,"""calzado""","(""Colombia"" OR ""Bogotá"" OR ""Col"")"
stilettos_co,"""calzado""","(""Colombia"" OR ""Bogotá"" OR ""Col"")"
oficial_lukshop,"""calzado""","(""Colombia"" OR ""Bogotá"" OR ""Col"")"
brooklyn.shop24,"""calzado""","(""Colombia"" OR ""Bogotá"" OR ""Col"")"
joshtrends,"""calzado""","(""Colombia"" OR ""Bogotá"" OR ""Col"")"
urban.colombia,"""calzado""","(""Colombia"" OR ""Bogotá"" OR ""Col"")"
rider_colombia,"""calzado""","(""Colombia"" OR ""Bogotá"" OR ""Col"")"
belinni_tienda,"""calzado""","(""Colombia"" OR ""Bogotá"" OR ""Col"")"
mentaceleste,"""calzado""","(""Colombia"" OR ""Bogotá"" OR ""Col"")"
calzado,"""calzado""","(""Colombia"" OR ""Bogotá"" OR ""Col"")"
mattarek_,"""calzado""","(""Colombia"" OR ""Bogotá"" OR ""Col"")"
moonwalkersfw,"""calzado""","(""Colombia"" OR ""Bogotá"" OR ""Col"")"
bellaanasophia,"""calzado""","(""Colombia"" OR ""Bogotá"" OR ""Col"")"
calzado_ma7,"""calzado""","(""Colombia"" OR ""Bogotá"" OR ""Col"")"
novaflexcolombia10,"""calzado""","(""Colombia"" OR ""Bogotá"" OR ""Col"")"
zapatosvenuscol,"""calzado""","(""Colombia"" OR ""Bogotá"" OR ""Col"")"
coralina_shoes,"""calzado""","(""Colombia"" OR ""Bogotá"" OR ""Col"")"
workits_colombia,"""calzado""","(""Colombia"" OR ""Bogotá"" OR ""Col"")"
samm_shop1,"(""belleza"" OR ""maquillaje"" OR ""cosméticos"")","(""México"" OR ""Mexico"" OR ""mx"")"
deseomakeupshop,"(""belleza"" OR ""maquillaje"" OR ""cosméticos"")","(""México"" OR ""Mexico"" OR ""mx"")"
trendy,"(""belleza"" OR ""maquillaje"" OR ""cosméticos"")","(""México"" OR ""Mexico"" OR ""mx"")"
iconika.beautyshop,"(""belleza"" OR ""maquillaje"" OR ""cosméticos"")","(""México"" OR ""Mexico"" OR ""mx"")"
venecia_beautyshopcuu,"(""belleza"" OR ""maquillaje"" OR ""cosméticos"")","(""México"" OR ""Mexico"" OR ""mx"")"
sallybeautymx,"(""belleza"" OR ""maquillaje"" OR ""cosméticos"")","(""México"" OR ""Mexico"" OR ""mx"")"
ellabellezashop,"(""belleza"" OR ""maquillaje"" OR ""cosméticos"")","(""México"" OR ""Mexico"" OR ""mx"")"
lacolorscosmeticosmx,"(""belleza"" OR ""maquillaje"" OR ""cosméticos"")","(""México"" OR ""Mexico"" OR ""mx"")"
grey.shop.mx,"(""belleza"" OR ""maquillaje"" OR ""cosméticos"")","(""México"" OR ""Mexico"" OR ""mx"")"
thebodyshop_mx,"(""belleza"" OR ""maquillaje"" OR ""cosméticos"")","(""México"" OR ""Mexico"" OR ""mx"")"
luxe_aros_de_luz,"(""belleza"" OR ""maquillaje"" OR ""cosméticos"")","(""México"" OR ""Mexico"" OR ""mx"")"
pinkshop_portales,"(""belleza"" OR ""maquillaje"" OR ""cosméticos"")","(""México"" OR ""Mexico"" OR ""mx"")"
losgallos_shop,"(""belleza"" OR ""maquillaje"" OR ""cosméticos"")","(""México"" OR ""Mexico"" OR ""mx"")"
theglow_mx,"(""belleza"" OR ""maquillaje"" OR ""cosméticos"")","(""México"" OR ""Mexico"" OR ""mx"")"
openshopmexico,"(""belleza"" OR ""maquillaje"" OR ""cosméticos"")","(""México"" OR ""Mexico"" OR ""mx"")"
ateneaprofesional,"(""belleza"" OR ""maquillaje"" OR ""cosméticos"")","(""México"" OR ""Mexico"" OR ""mx"")"
hanny_pulido,"(""belleza"" OR ""maquillaje"" OR ""cosméticos"")","(""México"" OR ""Mexico"" OR ""mx"")"
rumbo.shop,"(""belleza"" OR ""maquillaje"" OR ""cosméticos"")","(""México"" OR ""Mexico"" OR ""mx"")"
makeupshopmx,"(""belleza"" OR ""maquillaje"" OR ""cosméticos"")","(""México"" OR ""Mexico"" OR ""mx"")"
ipsy.mex,"(""belleza"" OR ""maquillaje"" OR ""cosméticos"")","(""México"" OR ""Mexico"" OR ""mx"")"
eleganzaglobal,"(""belleza"" OR ""maquillaje"" OR ""cosméticos"")","(""México"" OR ""Mexico"" OR ""mx"")"
makeupmx,"(""belleza"" OR ""maquillaje"" OR ""cosméticos"")","(""México"" OR ""Mexico"" OR ""mx"")"
krios_shop,"(""belleza"" OR ""maquillaje"" OR ""cosméticos"")","(""México"" OR ""Mexico"" OR ""mx"")"
kisuo.beauty.shop,"(""belleza"" OR ""maquillaje"" OR ""cosméticos"")","(""México"" OR ""Mexico"" OR ""mx"")"
klipperspeluqueriamx,"(""belleza"" OR ""maquillaje"" OR ""cosméticos"")","(""México"" OR ""Mexico"" OR ""mx"")"
trendyyshoop_,"(""belleza"" OR ""maquillaje"" OR ""cosméticos"")","(""México"" OR ""Mexico"" OR ""mx"")"
shopmarianazambrano,"(""belleza"" OR ""maquillaje"" OR ""cosméticos"")","(""México"" OR ""Mexico"" OR ""mx"")"
bondsboutique,"(""belleza"" OR ""maquillaje"" OR ""cosméticos"")","(""México"" OR ""Mexico"" OR ""mx"")"
olivine.com.mx,"(""belleza"" OR ""maquillaje"" OR ""cosméticos"")","(""México"" OR ""Mexico"" OR ""mx"")"
caymantattooshop,"(""belleza"" OR ""maquillaje"" OR ""cosméticos"")","(""México"" OR ""Mexico"" OR ""mx"")"
maliloshop,"(""belleza"" OR ""maquillaje"" OR ""cosméticos"")","(""México"" OR ""Mexico"" OR ""mx"")"
mint.caffeine,"(""belleza"" OR ""maquillaje"" OR ""cosméticos"")","(""México"" OR ""Mexico"" OR ""mx"")"
mayorca.mx,"(""belleza"" OR ""maquillaje"" OR ""cosméticos"")","(""México"" OR ""Mexico"" OR ""mx"")"
somosbellezaoficial,"(""belleza"" OR ""maquillaje"" OR ""cosméticos"")","(""México"" OR ""Mexico"" OR ""mx"")"
mepieldistribuidores,"(""belleza"" OR ""maquillaje"" OR ""cosméticos"")","(""México"" OR ""Mexico"" OR ""mx"")"
cosmeticsadi,"(""belleza"" OR ""maquillaje"" OR ""cosméticos"")","(""México"" OR ""Mexico"" OR ""mx"")"
C_JLwhryBsS,"(""belleza"" OR ""maquillaje"" OR ""cosméticos"")","(""México"" OR ""Mexico"" OR ""mx"")"
annasarelly,"(""belleza"" OR ""maquillaje"" OR ""cosméticos"")","(""México"" OR ""Mexico"" OR ""mx"")"
melonbombon,"(""belleza"" OR ""maquillaje"" OR ""cosméticos"")","(""México"" OR ""Mexico"" OR ""mx"")"
beautydose,"(""belleza"" OR ""maquillaje"" OR ""cosméticos"")","(""México"" OR ""Mexico"" OR ""mx"")"
gloweeargentina,"(""belleza"" OR ""maquillaje"" OR ""cosméticos"")","(""Argentina"" OR ""Buenos Aires"" OR ""Arg"")"
beautyshopctes,"(""belleza"" OR ""maquillaje"" OR ""cosméticos"")","(""Argentina"" OR ""Buenos Aires"" OR ""Arg"")"
kiramayorista,"(""belleza"" OR ""maquillaje"" OR ""cosméticos"")","(""Argentina"" OR ""Buenos Aires"" OR ""Arg"")"
lulumakeup,"(""belleza"" OR ""maquillaje"" OR ""cosméticos"")","(""Argentina"" OR ""Buenos Aires"" OR ""Arg"")"
selectbeauty_,"(""belleza"" OR ""maquillaje"" OR ""cosméticos"")","(""Argentina"" OR ""Buenos Aires"" OR ""Arg"")"
cosmetic.shop.arg,"(""belleza"" OR ""maquillaje"" OR ""cosméticos"")","(""Argentina"" OR ""Buenos Aires"" OR ""Arg"")"
cherryandmakeup,"(""belleza"" OR ""maquillaje"" OR ""cosméticos"")","(""Argentina"" OR ""Buenos Aires"" OR ""Arg"")"
skiincare,"(""belleza"" OR ""maquillaje"" OR ""cosméticos"")","(""Argentina"" OR ""Buenos Aires"" OR ""Arg"")"
levuashop,"(""belleza"" OR ""maquillaje"" OR ""cosméticos"")","(""Argentina"" OR ""Buenos Aires"" OR ""Arg"")"
makeupimportadoarg,"(""belleza"" OR ""maquillaje"" OR ""cosméticos"")","(""Argentina"" OR ""Buenos Aires"" OR ""Arg"")"
somosflowshop,"(""belleza"" OR ""maquillaje"" OR ""cosméticos"")","(""Argentina"" OR ""Buenos Aires"" OR ""Arg"")"
mely.beauty.ar,"(""belleza"" OR ""maquillaje"" OR ""cosméticos"")","(""Argentina"" OR ""Buenos Aires"" OR ""Arg"")"
almapinkshop,"(""belleza"" OR ""maquillaje"" OR ""cosméticos"")","(""Argentina"" OR ""Buenos Aires"" OR ""Arg"")"
gui.makeup26,"(""belleza"" OR ""maquillaje"" OR ""cosméticos"")","(""Argentina"" OR ""Buenos Aires"" OR ""Arg"")"
bymakeuparg,"(""belleza"" OR ""maquillaje"" OR ""cosméticos"")","(""Argentina"" OR ""Buenos Aires"" OR ""Arg"")"
maquillaje.pormayor,"(""belleza"" OR ""maquillaje"" OR ""cosméticos"")","(""Argentina"" OR ""Buenos Aires"" OR ""Arg"")"
maccosmeticsarg,"(""belleza"" OR ""maquillaje"" OR ""cosméticos"")","(""Argentina"" OR ""Buenos Aires"" OR ""Arg"")"
tienda.peaceok,"(""belleza"" OR ""maquillaje"" OR ""cosméticos"")","(""Argentina"" OR ""Buenos Aires"" OR ""Arg"")"
organicshop_arg,"(""belleza"" OR ""maquillaje"" OR ""cosméticos"")","(""Argentina"" OR ""Buenos Aires"" OR ""Arg"")"
sassani,"(""belleza"" OR ""maquillaje"" OR ""cosméticos"")","(""Argentina"" OR ""Buenos Aires"" OR ""Arg"")"
centraldebelleza,"(""belleza"" OR ""maquillaje"" OR ""cosméticos"")","(""Argentina"" OR ""Buenos Aires"" OR ""Arg"")"
hame.makeup,"(""belleza"" OR ""maquillaje"" OR ""cosméticos"")","(""Argentina"" OR ""Buenos Aires"" OR ""Arg"")"
newyorkmakeupstore,"(""belleza"" OR ""maquillaje"" OR ""cosméticos"")","(""Argentina"" OR ""Buenos Aires"" OR ""Arg"")"
friddashop,"(""belleza"" OR ""maquillaje"" OR ""cosméticos"")","(""Argentina"" OR ""Buenos Aires"" OR ""Arg"")"
julijulikshop,"(""belleza"" OR ""maquillaje"" OR ""cosméticos"")","(""Argentina"" OR ""Buenos Aires"" OR ""Arg"")"
belissa.argentina,"(""belleza"" OR ""maquillaje"" OR ""cosméticos"")","(""Argentina"" OR ""Buenos Aires"" OR ""Arg"")"
lucilabeautyshop,"(""belleza"" OR ""maquillaje"" OR ""cosméticos"")","(""Argentina"" OR ""Buenos Aires"" OR ""Arg"")"
saniyeargentina,"(""belleza"" OR ""maquillaje"" OR ""cosméticos"")","(""Argentina"" OR ""Buenos Aires"" OR ""Arg"")"
lulumakeup.arg,"(""belleza"" OR ""maquillaje"" OR ""cosméticos"")","(""Argentina"" OR ""Buenos Aires"" OR ""Arg"")"
makeup_studio_pdas,"(""belleza"" OR ""maquillaje"" OR ""cosméticos"")","(""Argentina"" OR ""Buenos Aires"" OR ""Arg"")"
kryolanargentina,"(""belleza"" OR ""maquillaje"" OR ""cosméticos"")","(""Argentina"" OR ""Buenos Aires"" OR ""Arg"")"
maxfactorar,"(""belleza"" OR ""maquillaje"" OR ""cosméticos"")","(""Argentina"" OR ""Buenos Aires"" OR ""Arg"")"
watermelon_make,"(""belleza"" OR ""maquillaje"" OR ""cosméticos"")","(""Argentina"" OR ""Buenos Aires"" OR ""Arg"")"
maquillaje_el_roperito,"(""belleza"" OR ""maquillaje"" OR ""cosméticos"")","(""Argentina"" OR ""Buenos Aires"" OR ""Arg"")"
mabstore____,"(""belleza"" OR ""maquillaje"" OR ""cosméticos"")","(""Argentina"" OR ""Buenos Aires"" OR ""Arg"")"
denise.a.mp,"(""belleza"" OR ""maquillaje"" OR ""cosméticos"")","(""Argentina"" OR ""Buenos Aires"" OR ""Arg"")"
contextobelleza,"(""belleza"" OR ""maquillaje"" OR ""cosméticos"")","(""Argentina"" OR ""Buenos Aires"" OR ""Arg"")"
blessings.cosmetics,"(""belleza"" OR ""maquillaje"" OR ""cosméticos"")","(""Argentina"" OR ""Buenos Aires"" OR ""Arg"")"
berryco.shop,"(""belleza"" OR ""maquillaje"" OR ""cosméticos"")","(""Argentina"" OR ""Buenos Aires"" OR ""Arg"")"
rougecerise.ar,"(""belleza"" OR ""maquillaje"" OR ""cosméticos"")","(""Argentina"" OR ""Buenos Aires"" OR ""Arg"")"
dcmakeupstudio,"(""belleza"" OR ""maquillaje"" OR ""cosméticos"")","(""Argentina"" OR ""Buenos Aires"" OR ""Arg"")"
pinatashop.lp,"(""belleza"" OR ""maquillaje"" OR ""cosméticos"")","(""Argentina"" OR ""Buenos Aires"" OR ""Arg"")"
thecandleshop.ar,"(""belleza"" OR ""maquillaje"" OR ""cosméticos"")","(""Argentina"" OR ""Buenos Aires"" OR ""Arg"")"
che.rry.oficial,"(""belleza"" OR ""maquillaje"" OR ""cosméticos"")","(""Argentina"" OR ""Buenos Aires"" OR ""Arg"")"
tehratech,"(""accesorios * smartphones"" OR ""tecnología"" OR ""dispositivos"")","(""España"" OR ""Espana"" OR ""Madrid"")"
akinetofc,"(""accesorios * smartphones"" OR ""tecnología"" OR ""dispositivos"")","(""España"" OR ""Espana"" OR ""Madrid"")"
mobileshop,"(""accesorios * smartphones"" OR ""tecnología"" OR ""dispositivos"")","(""España"" OR ""Espana"" OR ""Madrid"")"
oneshop_technology,"(""accesorios * smartphones"" OR ""tecnología"" OR ""dispositivos"")","(""España"" OR ""Espana"" OR ""Madrid"")"
mobileshop_ec,"(""accesorios * smartphones"" OR ""tecnología"" OR ""dispositivos"")","(""España"" OR ""Espana"" OR ""Madrid"")"
tecopuntoshop,"(""accesorios * smartphones"" OR ""tecnología"" OR ""dispositivos"")","(""España"" OR ""Espana"" OR ""Madrid"")"
sky,"(""accesorios * smartphones"" OR ""tecnología"" OR ""dispositivos"")","(""España"" OR ""Espana"" OR ""Madrid"")"
tedashopmx,"(""accesorios * smartphones"" OR ""tecnología"" OR ""dispositivos"")","(""España"" OR ""Espana"" OR ""Madrid"")"
genuinos_shop,"(""accesorios * smartphones"" OR ""tecnología"" OR ""dispositivos"")","(""España"" OR ""Espana"" OR ""Madrid"")"
tupuntoshop,"(""accesorios * smartphones"" OR ""tecnología"" OR ""dispositivos"")","(""España"" OR ""Espana"" OR ""Madrid"")"
tecnologiashoppremium,"(""accesorios * smartphones"" OR ""tecnología"" OR ""dispositivos"")","(""España"" OR ""Espana"" OR ""Madrid"")"
shopx.mx,"(""accesorios * smartphones"" OR ""tecnología"" OR ""dispositivos"")","(""España"" OR ""Espana"" OR ""Madrid"")"
tiendaohpic,"(""accesorios * smartphones"" OR ""tecnología"" OR ""dispositivos"")","(""España"" OR ""Espana"" OR ""Madrid"")"
libertec.shop,"(""accesorios * smartphones"" OR ""tecnología"" OR ""dispositivos"")","(""España"" OR ""Espana"" OR ""Madrid"")"
tiendaheratech,"(""accesorios * smartphones"" OR ""tecnología"" OR ""dispositivos"")","(""España"" OR ""Espana"" OR ""Madrid"")"
vspshopzapotlanejo,"(""accesorios * smartphones"" OR ""tecnología"" OR ""dispositivos"")","(""España"" OR ""Espana"" OR ""Madrid"")"
teknopolisoficial,"(""accesorios * smartphones"" OR ""tecnología"" OR ""dispositivos"")","(""España"" OR ""Espana"" OR ""Madrid"")"
virtual_shop_py,"(""accesorios * smartphones"" OR ""tecnología"" OR ""dispositivos"")","(""España"" OR ""Espana"" OR ""Madrid"")"
vexshopoficial,"(""accesorios * smartphones"" OR ""tecnología"" OR ""dispositivos"")","(""España"" OR ""Espana"" OR ""Madrid"")"
unoxesp,"(""accesorios * smartphones"" OR ""tecnología"" OR ""dispositivos"")","(""España"" OR ""Espana"" OR ""Madrid"")"
treinta,"(""accesorios * smartphones"" OR ""tecnología"" OR ""dispositivos"")","(""España"" OR ""Espana"" OR ""Madrid"")"
smartshopexperience,"(""accesorios * smartphones"" OR ""tecnología"" OR ""dispositivos"")","(""España"" OR ""Espana"" OR ""Madrid"")"
citrus_tienda,"(""accesorios * smartphones"" OR ""tecnología"" OR ""dispositivos"")","(""España"" OR ""Espana"" OR ""Madrid"")"
clickbox_ec,"(""accesorios * smartphones"" OR ""tecnología"" OR ""dispositivos"")","(""España"" OR ""Espana"" OR ""Madrid"")"
crea.software,"(""accesorios * smartphones"" OR ""tecnología"" OR ""dispositivos"")","(""España"" OR ""Espana"" OR ""Madrid"")"
iphonecell.shop,"(""accesorios * smartphones"" OR ""tecnología"" OR ""dispositivos"")","(""España"" OR ""Espana"" OR ""Madrid"")"
smartlife.shopgt,"(""accesorios * smartphones"" OR ""tecnología"" OR ""dispositivos"")","(""España"" OR ""Espana"" OR ""Madrid"")"
beautyshop.pty,"(""accesorios * smartphones"" OR ""tecnología"" OR ""dispositivos"")","(""España"" OR ""Espana"" OR ""Madrid"")"
surippa.shop,"(""accesorios * smartphones"" OR ""tecnología"" OR ""dispositivos"")","(""España"" OR ""Espana"" OR ""Madrid"")"
digitalshop_,"(""accesorios * smartphones"" OR ""tecnología"" OR ""dispositivos"")","(""España"" OR ""Espana"" OR ""Madrid"")"
huella_ecommerce,"(""accesorios * smartphones"" OR ""tecnología"" OR ""dispositivos"")","(""España"" OR ""Espana"" OR ""Madrid"")"
tecnoguemes,"(""accesorios * smartphones"" OR ""tecnología"" OR ""dispositivos"")","(""España"" OR ""Espana"" OR ""Madrid"")"
lamasonagency,"(""accesorios * smartphones"" OR ""tecnología"" OR ""dispositivos"")","(""España"" OR ""Espana"" OR ""Madrid"")"
movilshopvzla,"(""accesorios * smartphones"" OR ""tecnología"" OR ""dispositivos"")","(""España"" OR ""Espana"" OR ""Madrid"")"
easycommercetech,"(""accesorios * smartphones"" OR ""tecnología"" OR ""dispositivos"")","(""España"" OR ""Espana"" OR ""Madrid"")"
indibaaesthetics.es,"(""accesorios * smartphones"" OR ""tecnología"" OR ""dispositivos"")","(""España"" OR ""Espana"" OR ""Madrid"")"
caribbeansportshop,"(""accesorios * smartphones"" OR ""tecnología"" OR ""dispositivos"")","(""España"" OR ""Espana"" OR ""Madrid"")"
jvilera,"(""accesorios * smartphones"" OR ""tecnología"" OR ""dispositivos"")","(""España"" OR ""Espana"" OR ""Madrid"")"
adresles,"(""accesorios * smartphones"" OR ""tecnología"" OR ""dispositivos"")","(""España"" OR ""Espana"" OR ""Madrid"")"
dolors_guillen,"(""accesorios * smartphones"" OR ""tecnología"" OR ""dispositivos"")","(""España"" OR ""Espana"" OR ""Madrid"")"
infraslimx.es,"(""accesorios * smartphones"" OR ""tecnología"" OR ""dispositivos"")","(""España"" OR ""Espana"" OR ""Madrid"")"
accenture.spain,"(""accesorios * smartphones"" OR ""tecnología"" OR ""dispositivos"")","(""España"" OR ""Espana"" OR ""Madrid"")"
3dids,"(""accesorios * smartphones"" OR ""tecnología"" OR ""dispositivos"")","(""España"" OR ""Espana"" OR ""Madrid"")"
pintureriaespana,"(""accesorios * smartphones"" OR ""tecnología"" OR ""dispositivos"")","(""España"" OR ""Espana"" OR ""Madrid"")"
foto_ecommerce,"(""accesorios * smartphones"" OR ""tecnología"" OR ""dispositivos"")","(""España"" OR ""Espana"" OR ""Madrid"")"
kalo_ar,"""cuidado * piel""","(""Argentina"" OR ""Buenos Aires"" OR ""Arg"")"
mundo.natural.arg,"""cuidado * piel""","(""Argentina"" OR ""Buenos Aires"" OR ""Arg"")"
lurebyms,"""cuidado * piel""","(""Argentina"" OR ""Buenos Aires"" OR ""Arg"")"
productosgibeauty,"""cuidado * piel""","(""Argentina"" OR ""Buenos Aires"" OR ""Arg"")"
zafirus,"""cuidado * piel""","(""Argentina"" OR ""Buenos Aires"" OR ""Arg"")"
unileverprofesional,"""cuidado * piel""","(""Argentina"" OR ""Buenos Aires"" OR ""Arg"")"
dra.alejandrapasshop,"""cuidado * piel""","(""Argentina"" OR ""Buenos Aires"" OR ""Arg"")"
perfumeriasmarybe,"""cuidado * piel""","(""Argentina"" OR ""Buenos Aires"" OR ""Arg"")"
cuestiondepieloficial,"""cuidado * piel""","(""Argentina"" OR ""Buenos Aires"" OR ""Arg"")"
dubaibikinis,"""cuidado * piel""","(""Argentina"" OR ""Buenos Aires"" OR ""Arg"")"
perfumeria.nobel,"""cuidado * piel""","(""Argentina"" OR ""Buenos Aires"" OR ""Arg"")"
keziah.skincare,"""cuidado * piel""","(""Argentina"" OR ""Buenos Aires"" OR ""Arg"")"
pieloriginal_,"""cuidado * piel""","(""Argentina"" OR ""Buenos Aires"" OR ""Arg"")"
mery.natura,"""cuidado * piel""","(""Argentina"" OR ""Buenos Aires"" OR ""Arg"")"
estetikaskinshop,"""cuidado * piel""","(""Argentina"" OR ""Buenos Aires"" OR ""Arg"")"
amenite.arg,"""cuidado * piel""","(""Argentina"" OR ""Buenos Aires"" OR ""Arg"")"
iraiscosmeticafitoactiva,"""cuidado * piel""","(""Argentina"" OR ""Buenos Aires"" OR ""Arg"")"
sasami.ok,"""cuidado * piel""","(""Argentina"" OR ""Buenos Aires"" OR ""Arg"")"
renuarargentina,"""cuidado * piel""","(""Argentina"" OR ""Buenos Aires"" OR ""Arg"")"
weledaarg,"""cuidado * piel""","(""Argentina"" OR ""Buenos Aires"" OR ""Arg"")"
precurcosmetica,"""cuidado * piel""","(""Argentina"" OR ""Buenos Aires"" OR ""Arg"")"
theflowshop_ar,"""cuidado * piel""","(""Argentina"" OR ""Buenos Aires"" OR ""Arg"")"
mery.natura.arg,"""cuidado * piel""","(""Argentina"" OR ""Buenos Aires"" OR ""Arg"")"
peau.guerie,"""cuidado * piel""","(""Argentina"" OR ""Buenos Aires"" OR ""Arg"")"
formulypiel,"""cuidado * piel""","(""Argentina"" OR ""Buenos Aires"" OR ""Arg"")"
goveganis,"""cuidado * piel""","(""Argentina"" OR ""Buenos Aires"" OR ""Arg"")"
natura.lara,"""cuidado * piel""","(""Argentina"" OR ""Buenos Aires"" OR ""Arg"")"
misperfumesonline,"""cuidado * piel""","(""Argentina"" OR ""Buenos Aires"" OR ""Arg"")"
bbglowarg,"""cuidado * piel""","(""Argentina"" OR ""Buenos Aires"" OR ""Arg"")"
estetic.insumos.baires,"""cuidado * piel""","(""Argentina"" OR ""Buenos Aires"" OR ""Arg"")"
Post,"""cuidado * piel""","(""Argentina"" OR ""Buenos Aires"" OR ""Arg"")"
icom.salud,"""cuidado * piel""","(""Argentina"" OR ""Buenos Aires"" OR ""Arg"")"
valuge.argentina,"""cuidado * piel""","(""Argentina"" OR ""Buenos Aires"" OR ""Arg"")"
farmaciascienza,"""cuidado * piel""","(""Argentina"" OR ""Buenos Aires"" OR ""Arg"")"
ivanala.joyas,"""cuidado * piel""","(""Argentina"" OR ""Buenos Aires"" OR ""Arg"")"
gojiraf,"""cuidado * piel""","(""Argentina"" OR ""Buenos Aires"" OR ""Arg"")"
chichila.arg,"""cuidado * piel""","(""Argentina"" OR ""Buenos Aires"" OR ""Arg"")"
pichucospanalesdetela,"""cuidado * piel""","(""Argentina"" OR ""Buenos Aires"" OR ""Arg"")"
cremasduval,"""cuidado * piel""","(""Argentina"" OR ""Buenos Aires"" OR ""Arg"")"
beautymarketcl2,"(""belleza"" OR ""maquillaje"" OR ""cosméticos"")","(""Chile"" OR ""Santiago"" OR ""Cl"")"
niashop,"(""belleza"" OR ""maquillaje"" OR ""cosméticos"")","(""Chile"" OR ""Santiago"" OR ""Cl"")"
makemore,"(""belleza"" OR ""maquillaje"" OR ""cosméticos"")","(""Chile"" OR ""Santiago"" OR ""Cl"")"
maquilladas,"(""belleza"" OR ""maquillaje"" OR ""cosméticos"")","(""Chile"" OR ""Santiago"" OR ""Cl"")"
maquilladas.cl,"(""belleza"" OR ""maquillaje"" OR ""cosméticos"")","(""Chile"" OR ""Santiago"" OR ""Cl"")"
beautycreations_chile,"(""belleza"" OR ""maquillaje"" OR ""cosméticos"")","(""Chile"" OR ""Santiago"" OR ""Cl"")"
tiendasmakeup,"(""belleza"" OR ""maquillaje"" OR ""cosméticos"")","(""Chile"" OR ""Santiago"" OR ""Cl"")"
beautystorree,"(""belleza"" OR ""maquillaje"" OR ""cosméticos"")","(""Chile"" OR ""Santiago"" OR ""Cl"")"
karlibeauty.shop,"(""belleza"" OR ""maquillaje"" OR ""cosméticos"")","(""Chile"" OR ""Santiago"" OR ""Cl"")"
tayronashop,"(""belleza"" OR ""maquillaje"" OR ""cosméticos"")","(""Chile"" OR ""Santiago"" OR ""Cl"")"
thebodyshopchile,"(""belleza"" OR ""maquillaje"" OR ""cosméticos"")","(""Chile"" OR ""Santiago"" OR ""Cl"")"
blushbarchile,"(""belleza"" OR ""maquillaje"" OR ""cosméticos"")","(""Chile"" OR ""Santiago"" OR ""Cl"")"
beautygirl_mg,"(""belleza"" OR ""maquillaje"" OR ""cosméticos"")","(""Chile"" OR ""Santiago"" OR ""Cl"")"
cosmeticosymaquillajetalca,"(""belleza"" OR ""maquillaje"" OR ""cosméticos"")","(""Chile"" OR ""Santiago"" OR ""Cl"")"
delilahmor_store,"(""belleza"" OR ""maquillaje"" OR ""cosméticos"")","(""Chile"" OR ""Santiago"" OR ""Cl"")"
cosmeticshopcali,"(""belleza"" OR ""maquillaje"" OR ""cosméticos"")","(""Chile"" OR ""Santiago"" OR ""Cl"")"
salonedus,"(""belleza"" OR ""maquillaje"" OR ""cosméticos"")","(""Chile"" OR ""Santiago"" OR ""Cl"")"
modaoutletchile.cl,"(""belleza"" OR ""maquillaje"" OR ""cosméticos"")","(""Chile"" OR ""Santiago"" OR ""Cl"")"
wondershop_cl,"(""belleza"" OR ""maquillaje"" OR ""cosméticos"")","(""Chile"" OR ""Santiago"" OR ""Cl"")"
incidenciastore,"(""belleza"" OR ""maquillaje"" OR ""cosméticos"")","(""Chile"" OR ""Santiago"" OR ""Cl"")"
glamstore_cl,"(""belleza"" OR ""maquillaje"" OR ""cosméticos"")","(""Chile"" OR ""Santiago"" OR ""Cl"")"
kawaii_world_chile,"(""belleza"" OR ""maquillaje"" OR ""cosméticos"")","(""Chile"" OR ""Santiago"" OR ""Cl"")"
amarantamakeupcali,"(""belleza"" OR ""maquillaje"" OR ""cosméticos"")","(""Chile"" OR ""Santiago"" OR ""Cl"")"
karlibeauty,"(""belleza"" OR ""maquillaje"" OR ""cosméticos"")","(""Chile"" OR ""Santiago"" OR ""Cl"")"
essenza01,"(""belleza"" OR ""maquillaje"" OR ""cosméticos"")","(""Chile"" OR ""Santiago"" OR ""Cl"")"
